Old Filename,New Filename
1.jpg,1.jpg
10004.jpg,2.jpg
10006.jpg,3.jpg
10009.jpg,4.jpg
10018.jpg,5.jpg
10019.jpg,6.jpg
10020.jpg,7.jpg
10031.jpg,8.jpg
10036.jpg,9.jpg
10038.jpg,10.jpg
10039.jpg,11.jpg
10041.jpg,12.jpg
10046.jpg,13.jpg
10065.jpg,14.jpg
10068.jpg,15.jpg
10091.jpg,16.jpg
1011.jpg,17.jpg
10120.jpg,18.jpg
10121.jpg,19.jpg
10131.jpg,20.jpg
10134.jpg,21.jpg
10137.jpg,22.jpg
10139.jpg,23.jpg
10149.jpg,24.jpg
10153.jpg,25.jpg
10160.jpg,26.jpg
1019.jpg,27.jpg
102.jpg,28.jpg
10210.jpg,29.jpg
10225.jpg,30.jpg
10245.jpg,31.jpg
10249.jpg,32.jpg
10250.jpg,33.jpg
10254.jpg,34.jpg
10255.jpg,35.jpg
10256.jpg,36.jpg
10280.jpg,37.jpg
10291.jpg,38.jpg
10315.jpg,39.jpg
10318.jpg,40.jpg
10322.jpg,41.jpg
10326.jpg,42.jpg
10330.jpg,43.jpg
10336.jpg,44.jpg
10342.jpg,45.jpg
10350.jpg,46.jpg
10356.jpg,47.jpg
10371.jpg,48.jpg
10374.jpg,49.jpg
10380.jpg,50.jpg
10387.jpg,51.jpg
10396.jpg,52.jpg
10414.jpg,53.jpg
10426.jpg,54.jpg
10432.jpg,55.jpg
10433.jpg,56.jpg
10436.jpg,57.jpg
10447.jpg,58.jpg
10448.jpg,59.jpg
10449.jpg,60.jpg
10489.jpg,61.jpg
1049.jpg,62.jpg
10498.jpg,63.jpg
10500.jpg,64.jpg
1051.jpg,65.jpg
10512.jpg,66.jpg
10513.jpg,67.jpg
10516.jpg,68.jpg
10528.jpg,69.jpg
1054.jpg,70.jpg
10542.jpg,71.jpg
10550.jpg,72.jpg
10565.jpg,73.jpg
10569.jpg,74.jpg
10588.jpg,75.jpg
1059.jpg,76.jpg
10593.jpg,77.jpg
10594.jpg,78.jpg
106.jpg,79.jpg
10608.jpg,80.jpg
1061.jpg,81.jpg
10614.jpg,82.jpg
10632.jpg,83.jpg
10643.jpg,84.jpg
10649.jpg,85.jpg
10674.jpg,86.jpg
1068.jpg,87.jpg
10686.jpg,88.jpg
10692.jpg,89.jpg
10695.jpg,90.jpg
10696.jpg,91.jpg
10702.jpg,92.jpg
10707.jpg,93.jpg
1071.jpg,94.jpg
10712.jpg,95.jpg
10714.jpg,96.jpg
10722.jpg,97.jpg
10733.jpg,98.jpg
10750.jpg,99.jpg
1077.jpg,100.jpg
10770.jpg,101.jpg
10772.jpg,102.jpg
10775.jpg,103.jpg
10781.jpg,104.jpg
10798.jpg,105.jpg
1080.jpg,106.jpg
10804.jpg,107.jpg
10825.jpg,108.jpg
10833.jpg,109.jpg
10837.jpg,110.jpg
10845.jpg,111.jpg
10848.jpg,112.jpg
10850.jpg,113.jpg
10854.jpg,114.jpg
10858.jpg,115.jpg
1086.jpg,116.jpg
10871.jpg,117.jpg
10873.jpg,118.jpg
10882.jpg,119.jpg
10883.jpg,120.jpg
10885.jpg,121.jpg
10889.jpg,122.jpg
10890.jpg,123.jpg
10892.jpg,124.jpg
10897.jpg,125.jpg
10898.jpg,126.jpg
10902.jpg,127.jpg
10903.jpg,128.jpg
10907.jpg,129.jpg
10912.jpg,130.jpg
10924.jpg,131.jpg
10929.jpg,132.jpg
10930.jpg,133.jpg
10937.jpg,134.jpg
10939.jpg,135.jpg
10948.jpg,136.jpg
10962.jpg,137.jpg
10980.jpg,138.jpg
10986.jpg,139.jpg
10988.jpg,140.jpg
10989.jpg,141.jpg
1099.jpg,142.jpg
10993.jpg,143.jpg
11001.jpg,144.jpg
11009.jpg,145.jpg
11012.jpg,146.jpg
11019.jpg,147.jpg
11022.jpg,148.jpg
11028.jpg,149.jpg
11029.jpg,150.jpg
11035.jpg,151.jpg
11040.jpg,152.jpg
11042.jpg,153.jpg
11043.jpg,154.jpg
1105.jpg,155.jpg
11054.jpg,156.jpg
11062.jpg,157.jpg
11069.jpg,158.jpg
11075.jpg,159.jpg
11079.jpg,160.jpg
11084.jpg,161.jpg
11085.jpg,162.jpg
11087.jpg,163.jpg
11088.jpg,164.jpg
11089.jpg,165.jpg
11107.jpg,166.jpg
1111.jpg,167.jpg
11127.jpg,168.jpg
11131.jpg,169.jpg
11135.jpg,170.jpg
11143.jpg,171.jpg
11145.jpg,172.jpg
11146.jpg,173.jpg
11163.jpg,174.jpg
11165.jpg,175.jpg
11173.jpg,176.jpg
11174.jpg,177.jpg
11175.jpg,178.jpg
11182.jpg,179.jpg
11183.jpg,180.jpg
11186.jpg,181.jpg
11195.jpg,182.jpg
112.jpg,183.jpg
11200.jpg,184.jpg
11201.jpg,185.jpg
11215.jpg,186.jpg
11217.jpg,187.jpg
11221.jpg,188.jpg
11235.jpg,189.jpg
11240.jpg,190.jpg
11242.jpg,191.jpg
11245.jpg,192.jpg
11252.jpg,193.jpg
11253.jpg,194.jpg
11254.jpg,195.jpg
11266.jpg,196.jpg
11269.jpg,197.jpg
11270.jpg,198.jpg
11277.jpg,199.jpg
11281.jpg,200.jpg
11285.jpg,201.jpg
11288.jpg,202.jpg
11304.jpg,203.jpg
11310.jpg,204.jpg
11314.jpg,205.jpg
11319.jpg,206.jpg
11323.jpg,207.jpg
11331.jpg,208.jpg
11334.jpg,209.jpg
11336.jpg,210.jpg
1134.jpg,211.jpg
11349.jpg,212.jpg
11351.jpg,213.jpg
11352.jpg,214.jpg
11355.jpg,215.jpg
11359.jpg,216.jpg
1136.jpg,217.jpg
11366.jpg,218.jpg
11368.jpg,219.jpg
1137.jpg,220.jpg
11370.jpg,221.jpg
11388.jpg,222.jpg
11391.jpg,223.jpg
11394.jpg,224.jpg
11413.jpg,225.jpg
11416.jpg,226.jpg
11420.jpg,227.jpg
11436.jpg,228.jpg
11442.jpg,229.jpg
11444.jpg,230.jpg
11448.jpg,231.jpg
11459.jpg,232.jpg
11465.jpg,233.jpg
11467.jpg,234.jpg
11468.jpg,235.jpg
1147.jpg,236.jpg
11472.jpg,237.jpg
11482.jpg,238.jpg
11483.jpg,239.jpg
11486.jpg,240.jpg
11487.jpg,241.jpg
11496.jpg,242.jpg
1150.jpg,243.jpg
11501.jpg,244.jpg
11503.jpg,245.jpg
11505.jpg,246.jpg
11506.jpg,247.jpg
11520.jpg,248.jpg
11521.jpg,249.jpg
11529.jpg,250.jpg
1153.jpg,251.jpg
11532.jpg,252.jpg
11537.jpg,253.jpg
11540.jpg,254.jpg
11542.jpg,255.jpg
11549.jpg,256.jpg
11552.jpg,257.jpg
11557.jpg,258.jpg
11560.jpg,259.jpg
11562.jpg,260.jpg
11564.jpg,261.jpg
11578.jpg,262.jpg
11588.jpg,263.jpg
11590.jpg,264.jpg
11603.jpg,265.jpg
11604.jpg,266.jpg
11617.jpg,267.jpg
11622.jpg,268.jpg
11633.jpg,269.jpg
11657.jpg,270.jpg
11660.jpg,271.jpg
1168.jpg,272.jpg
11680.jpg,273.jpg
11684.jpg,274.jpg
11695.jpg,275.jpg
11717.jpg,276.jpg
11720.jpg,277.jpg
11722.jpg,278.jpg
11727.jpg,279.jpg
11728.jpg,280.jpg
11731.jpg,281.jpg
11735.jpg,282.jpg
11737.jpg,283.jpg
11740.jpg,284.jpg
11741.jpg,285.jpg
11751.jpg,286.jpg
11753.jpg,287.jpg
11756.jpg,288.jpg
11758.jpg,289.jpg
11761.jpg,290.jpg
11767.jpg,291.jpg
1177.jpg,292.jpg
11771.jpg,293.jpg
11779.jpg,294.jpg
11783.jpg,295.jpg
11791.jpg,296.jpg
11792.jpg,297.jpg
11793.jpg,298.jpg
11797.jpg,299.jpg
11813.jpg,300.jpg
11822.jpg,301.jpg
11835.jpg,302.jpg
11838.jpg,303.jpg
11840.jpg,304.jpg
11842.jpg,305.jpg
11852.jpg,306.jpg
11860.jpg,307.jpg
11866.jpg,308.jpg
11872.jpg,309.jpg
11877.jpg,310.jpg
11883.jpg,311.jpg
11887.jpg,312.jpg
11889.jpg,313.jpg
11892.jpg,314.jpg
11893.jpg,315.jpg
11895.jpg,316.jpg
11907.jpg,317.jpg
11911.jpg,318.jpg
11918.jpg,319.jpg
11921.jpg,320.jpg
11922.jpg,321.jpg
11926.jpg,322.jpg
11933.jpg,323.jpg
11936.jpg,324.jpg
11943.jpg,325.jpg
11946.jpg,326.jpg
11950.jpg,327.jpg
11951.jpg,328.jpg
11953.jpg,329.jpg
11956.jpg,330.jpg
11958.jpg,331.jpg
11967.jpg,332.jpg
11969.jpg,333.jpg
11974.jpg,334.jpg
11977.jpg,335.jpg
11981.jpg,336.jpg
11989.jpg,337.jpg
11996.jpg,338.jpg
12002.jpg,339.jpg
12005.jpg,340.jpg
12007.jpg,341.jpg
12013.jpg,342.jpg
12014.jpg,343.jpg
12018.jpg,344.jpg
12039.jpg,345.jpg
12040.jpg,346.jpg
12041.jpg,347.jpg
12056.jpg,348.jpg
12068.jpg,349.jpg
12077.jpg,350.jpg
12080.jpg,351.jpg
12083.jpg,352.jpg
12096.jpg,353.jpg
12098.jpg,354.jpg
12102.jpg,355.jpg
12103.jpg,356.jpg
12106.jpg,357.jpg
1212.jpg,358.jpg
12128.jpg,359.jpg
12137.jpg,360.jpg
12139.jpg,361.jpg
12141.jpg,362.jpg
12144.jpg,363.jpg
12159.jpg,364.jpg
12160.jpg,365.jpg
12161.jpg,366.jpg
1217.jpg,367.jpg
12171.jpg,368.jpg
12173.jpg,369.jpg
12174.jpg,370.jpg
12186.jpg,371.jpg
12191.jpg,372.jpg
12193.jpg,373.jpg
12201.jpg,374.jpg
12203.jpg,375.jpg
12205.jpg,376.jpg
12207.jpg,377.jpg
12215.jpg,378.jpg
12222.jpg,379.jpg
12231.jpg,380.jpg
12234.jpg,381.jpg
12235.jpg,382.jpg
12236.jpg,383.jpg
12237.jpg,384.jpg
12244.jpg,385.jpg
12250.jpg,386.jpg
12265.jpg,387.jpg
12272.jpg,388.jpg
12274.jpg,389.jpg
12275.jpg,390.jpg
12276.jpg,391.jpg
12285.jpg,392.jpg
12290.jpg,393.jpg
12292.jpg,394.jpg
12314.jpg,395.jpg
12316.jpg,396.jpg
12343.jpg,397.jpg
12349.jpg,398.jpg
12353.jpg,399.jpg
12355.jpg,400.jpg
12358.jpg,401.jpg
12359.jpg,402.jpg
12382.jpg,403.jpg
12392.jpg,404.jpg
12399.jpg,405.jpg
124.jpg,406.jpg
12400.jpg,407.jpg
12401.jpg,408.jpg
12409.jpg,409.jpg
1241.jpg,410.jpg
12415.jpg,411.jpg
1242.jpg,412.jpg
12426.jpg,413.jpg
12433.jpg,414.jpg
12437.jpg,415.jpg
12439.jpg,416.jpg
12453.jpg,417.jpg
12458.jpg,418.jpg
12459.jpg,419.jpg
12464.jpg,420.jpg
12465.jpg,421.jpg
12466.jpg,422.jpg
12471.jpg,423.jpg
12472.jpg,424.jpg
12474.jpg,425.jpg
12475.jpg,426.jpg
12479.jpg,427.jpg
12487.jpg,428.jpg
12495.jpg,429.jpg
12501.jpg,430.jpg
12503.jpg,431.jpg
12508.jpg,432.jpg
12512.jpg,433.jpg
12513.jpg,434.jpg
12515.jpg,435.jpg
12527.jpg,436.jpg
12528.jpg,437.jpg
12538.jpg,438.jpg
12541.jpg,439.jpg
12543.jpg,440.jpg
12546.jpg,441.jpg
1255.jpg,442.jpg
12563.jpg,443.jpg
12566.jpg,444.jpg
12570.jpg,445.jpg
12573.jpg,446.jpg
12577.jpg,447.jpg
12579.jpg,448.jpg
12583.jpg,449.jpg
12587.jpg,450.jpg
12590.jpg,451.jpg
12608.jpg,452.jpg
12609.jpg,453.jpg
12614.jpg,454.jpg
12621.jpg,455.jpg
12625.jpg,456.jpg
12630.jpg,457.jpg
12643.jpg,458.jpg
12648.jpg,459.jpg
12655.jpg,460.jpg
12657.jpg,461.jpg
12664.jpg,462.jpg
12667.jpg,463.jpg
12669.jpg,464.jpg
12672.jpg,465.jpg
12679.jpg,466.jpg
12680.jpg,467.jpg
12682.jpg,468.jpg
12685.jpg,469.jpg
1269.jpg,470.jpg
12693.jpg,471.jpg
12695.jpg,472.jpg
12698.jpg,473.jpg
12699.jpg,474.jpg
12706.jpg,475.jpg
12708.jpg,476.jpg
12714.jpg,477.jpg
12715.jpg,478.jpg
12720.jpg,479.jpg
12728.jpg,480.jpg
12729.jpg,481.jpg
12734.jpg,482.jpg
12745.jpg,483.jpg
1276.jpg,484.jpg
12766.jpg,485.jpg
12769.jpg,486.jpg
12771.jpg,487.jpg
12778.jpg,488.jpg
12786.jpg,489.jpg
12789.jpg,490.jpg
1281.jpg,491.jpg
12813.jpg,492.jpg
12822.jpg,493.jpg
12826.jpg,494.jpg
12828.jpg,495.jpg
12834.jpg,496.jpg
12836.jpg,497.jpg
12846.jpg,498.jpg
12847.jpg,499.jpg
12848.jpg,500.jpg
12856.jpg,501.jpg
12859.jpg,502.jpg
12869.jpg,503.jpg
12884.jpg,504.jpg
12891.jpg,505.jpg
12892.jpg,506.jpg
12893.jpg,507.jpg
129.jpg,508.jpg
12907.jpg,509.jpg
12916.jpg,510.jpg
12919.jpg,511.jpg
12920.jpg,512.jpg
12922.jpg,513.jpg
12928.jpg,514.jpg
12932.jpg,515.jpg
12942.jpg,516.jpg
12943.jpg,517.jpg
12951.jpg,518.jpg
1296.jpg,519.jpg
12969.jpg,520.jpg
12970.jpg,521.jpg
12984.jpg,522.jpg
12988.jpg,523.jpg
12990.jpg,524.jpg
1300.jpg,525.jpg
13007.jpg,526.jpg
13009.jpg,527.jpg
13013.jpg,528.jpg
13020.jpg,529.jpg
13032.jpg,530.jpg
13050.jpg,531.jpg
13058.jpg,532.jpg
13067.jpg,533.jpg
1307.jpg,534.jpg
13077.jpg,535.jpg
1308.jpg,536.jpg
13091.jpg,537.jpg
13094.jpg,538.jpg
13099.jpg,539.jpg
131.jpg,540.jpg
1310.jpg,541.jpg
13100.jpg,542.jpg
13121.jpg,543.jpg
13134.jpg,544.jpg
13136.jpg,545.jpg
13143.jpg,546.jpg
13148.jpg,547.jpg
13149.jpg,548.jpg
13152.jpg,549.jpg
13154.jpg,550.jpg
13163.jpg,551.jpg
13165.jpg,552.jpg
13177.jpg,553.jpg
13192.jpg,554.jpg
13193.jpg,555.jpg
13196.jpg,556.jpg
13198.jpg,557.jpg
13203.jpg,558.jpg
13205.jpg,559.jpg
13206.jpg,560.jpg
13215.jpg,561.jpg
13217.jpg,562.jpg
13219.jpg,563.jpg
13223.jpg,564.jpg
13228.jpg,565.jpg
13250.jpg,566.jpg
13251.jpg,567.jpg
13259.jpg,568.jpg
13266.jpg,569.jpg
13270.jpg,570.jpg
13284.jpg,571.jpg
13290.jpg,572.jpg
13293.jpg,573.jpg
13294.jpg,574.jpg
13298.jpg,575.jpg
133.jpg,576.jpg
13303.jpg,577.jpg
13305.jpg,578.jpg
1332.jpg,579.jpg
13326.jpg,580.jpg
13327.jpg,581.jpg
13328.jpg,582.jpg
13334.jpg,583.jpg
13339.jpg,584.jpg
13347.jpg,585.jpg
13355.jpg,586.jpg
13357.jpg,587.jpg
13362.jpg,588.jpg
13365.jpg,589.jpg
13370.jpg,590.jpg
13385.jpg,591.jpg
13394.jpg,592.jpg
13395.jpg,593.jpg
13397.jpg,594.jpg
1340.jpg,595.jpg
13407.jpg,596.jpg
13410.jpg,597.jpg
13423.jpg,598.jpg
13424.jpg,599.jpg
13429.jpg,600.jpg
13439.jpg,601.jpg
13445.jpg,602.jpg
13456.jpg,603.jpg
13460.jpg,604.jpg
13470.jpg,605.jpg
13475.jpg,606.jpg
13482.jpg,607.jpg
13491.jpg,608.jpg
13498.jpg,609.jpg
13499.jpg,610.jpg
13510.jpg,611.jpg
13517.jpg,612.jpg
13526.jpg,613.jpg
13527.jpg,614.jpg
13531.jpg,615.jpg
13545.jpg,616.jpg
13546.jpg,617.jpg
13549.jpg,618.jpg
13551.jpg,619.jpg
13572.jpg,620.jpg
1358.jpg,621.jpg
13583.jpg,622.jpg
13588.jpg,623.jpg
13590.jpg,624.jpg
13593.jpg,625.jpg
13596.jpg,626.jpg
136.jpg,627.jpg
13608.jpg,628.jpg
13613.jpg,629.jpg
13614.jpg,630.jpg
13615.jpg,631.jpg
13616.jpg,632.jpg
13626.jpg,633.jpg
13627.jpg,634.jpg
13630.jpg,635.jpg
13632.jpg,636.jpg
13633.jpg,637.jpg
13635.jpg,638.jpg
13641.jpg,639.jpg
13644.jpg,640.jpg
13646.jpg,641.jpg
13647.jpg,642.jpg
13648.jpg,643.jpg
13651.jpg,644.jpg
13656.jpg,645.jpg
13662.jpg,646.jpg
13671.jpg,647.jpg
13675.jpg,648.jpg
13683.jpg,649.jpg
13689.jpg,650.jpg
1369.jpg,651.jpg
13698.jpg,652.jpg
13699.jpg,653.jpg
13703.jpg,654.jpg
13704.jpg,655.jpg
13706.jpg,656.jpg
13709.jpg,657.jpg
1371.jpg,658.jpg
13719.jpg,659.jpg
13721.jpg,660.jpg
13726.jpg,661.jpg
13728.jpg,662.jpg
13730.jpg,663.jpg
13734.jpg,664.jpg
13736.jpg,665.jpg
13737.jpg,666.jpg
13756.jpg,667.jpg
13771.jpg,668.jpg
13774.jpg,669.jpg
13790.jpg,670.jpg
13795.jpg,671.jpg
1380.jpg,672.jpg
13811.jpg,673.jpg
13815.jpg,674.jpg
13816.jpg,675.jpg
13819.jpg,676.jpg
1382.jpg,677.jpg
13824.jpg,678.jpg
13825.jpg,679.jpg
13830.jpg,680.jpg
13835.jpg,681.jpg
13844.jpg,682.jpg
13849.jpg,683.jpg
13856.jpg,684.jpg
13858.jpg,685.jpg
13860.jpg,686.jpg
13867.jpg,687.jpg
13878.jpg,688.jpg
13897.jpg,689.jpg
13899.jpg,690.jpg
139.jpg,691.jpg
13907.jpg,692.jpg
13910.jpg,693.jpg
13919.jpg,694.jpg
13933.jpg,695.jpg
13936.jpg,696.jpg
13938.jpg,697.jpg
13940.jpg,698.jpg
13942.jpg,699.jpg
13945.jpg,700.jpg
13947.jpg,701.jpg
13956.jpg,702.jpg
13964.jpg,703.jpg
13968.jpg,704.jpg
13976.jpg,705.jpg
13981.jpg,706.jpg
13988.jpg,707.jpg
13996.jpg,708.jpg
14004.jpg,709.jpg
14008.jpg,710.jpg
14010.jpg,711.jpg
14032.jpg,712.jpg
14035.jpg,713.jpg
14037.jpg,714.jpg
14040.jpg,715.jpg
14046.jpg,716.jpg
1406.jpg,717.jpg
14065.jpg,718.jpg
14066.jpg,719.jpg
14067.jpg,720.jpg
14068.jpg,721.jpg
14072.jpg,722.jpg
1408.jpg,723.jpg
14080.jpg,724.jpg
14091.jpg,725.jpg
14096.jpg,726.jpg
14099.jpg,727.jpg
14100.jpg,728.jpg
14101.jpg,729.jpg
14127.jpg,730.jpg
14128.jpg,731.jpg
14129.jpg,732.jpg
1413.jpg,733.jpg
14140.jpg,734.jpg
14143.jpg,735.jpg
14147.jpg,736.jpg
14148.jpg,737.jpg
1415.jpg,738.jpg
14152.jpg,739.jpg
14160.jpg,740.jpg
14162.jpg,741.jpg
14165.jpg,742.jpg
14167.jpg,743.jpg
14170.jpg,744.jpg
1418.jpg,745.jpg
14183.jpg,746.jpg
14206.jpg,747.jpg
14208.jpg,748.jpg
14211.jpg,749.jpg
14212.jpg,750.jpg
14216.jpg,751.jpg
14220.jpg,752.jpg
14230.jpg,753.jpg
14245.jpg,754.jpg
14254.jpg,755.jpg
14255.jpg,756.jpg
14257.jpg,757.jpg
14259.jpg,758.jpg
1426.jpg,759.jpg
1427.jpg,760.jpg
14275.jpg,761.jpg
14291.jpg,762.jpg
14300.jpg,763.jpg
1431.jpg,764.jpg
1432.jpg,765.jpg
14322.jpg,766.jpg
14326.jpg,767.jpg
14333.jpg,768.jpg
14334.jpg,769.jpg
14339.jpg,770.jpg
14347.jpg,771.jpg
1436.jpg,772.jpg
14361.jpg,773.jpg
14365.jpg,774.jpg
14377.jpg,775.jpg
14379.jpg,776.jpg
14390.jpg,777.jpg
14394.jpg,778.jpg
14399.jpg,779.jpg
14403.jpg,780.jpg
14404.jpg,781.jpg
14420.jpg,782.jpg
14421.jpg,783.jpg
14425.jpg,784.jpg
14426.jpg,785.jpg
14428.jpg,786.jpg
1443.jpg,787.jpg
14441.jpg,788.jpg
14444.jpg,789.jpg
14445.jpg,790.jpg
14452.jpg,791.jpg
14453.jpg,792.jpg
14456.jpg,793.jpg
14465.jpg,794.jpg
14471.jpg,795.jpg
14474.jpg,796.jpg
14480.jpg,797.jpg
14484.jpg,798.jpg
14493.jpg,799.jpg
14497.jpg,800.jpg
14502.jpg,801.jpg
14508.jpg,802.jpg
14512.jpg,803.jpg
14513.jpg,804.jpg
14523.jpg,805.jpg
14524.jpg,806.jpg
14529.jpg,807.jpg
14530.jpg,808.jpg
14539.jpg,809.jpg
14541.jpg,810.jpg
14549.jpg,811.jpg
14552.jpg,812.jpg
14560.jpg,813.jpg
14563.jpg,814.jpg
14566.jpg,815.jpg
14568.jpg,816.jpg
14579.jpg,817.jpg
14587.jpg,818.jpg
14595.jpg,819.jpg
14602.jpg,820.jpg
14604.jpg,821.jpg
14605.jpg,822.jpg
1461.jpg,823.jpg
14616.jpg,824.jpg
14622.jpg,825.jpg
14624.jpg,826.jpg
14625.jpg,827.jpg
14632.jpg,828.jpg
14633.jpg,829.jpg
14650.jpg,830.jpg
14651.jpg,831.jpg
14654.jpg,832.jpg
14655.jpg,833.jpg
14658.jpg,834.jpg
14666.jpg,835.jpg
14670.jpg,836.jpg
14676.jpg,837.jpg
1468.jpg,838.jpg
14684.jpg,839.jpg
14696.jpg,840.jpg
14700.jpg,841.jpg
14708.jpg,842.jpg
14710.jpg,843.jpg
14715.jpg,844.jpg
14717.jpg,845.jpg
14719.jpg,846.jpg
14720.jpg,847.jpg
14723.jpg,848.jpg
14726.jpg,849.jpg
14730.jpg,850.jpg
14735.jpg,851.jpg
14737.jpg,852.jpg
14739.jpg,853.jpg
14745.jpg,854.jpg
14748.jpg,855.jpg
14756.jpg,856.jpg
14758.jpg,857.jpg
14764.jpg,858.jpg
14768.jpg,859.jpg
14776.jpg,860.jpg
14780.jpg,861.jpg
14782.jpg,862.jpg
14791.jpg,863.jpg
14811.jpg,864.jpg
14828.jpg,865.jpg
14829.jpg,866.jpg
14834.jpg,867.jpg
14842.jpg,868.jpg
14853.jpg,869.jpg
14861.jpg,870.jpg
14869.jpg,871.jpg
14876.jpg,872.jpg
14887.jpg,873.jpg
14897.jpg,874.jpg
14900.jpg,875.jpg
14901.jpg,876.jpg
14902.jpg,877.jpg
14913.jpg,878.jpg
14916.jpg,879.jpg
14918.jpg,880.jpg
14922.jpg,881.jpg
14934.jpg,882.jpg
14936.jpg,883.jpg
14939.jpg,884.jpg
14952.jpg,885.jpg
14954.jpg,886.jpg
14958.jpg,887.jpg
14966.jpg,888.jpg
14974.jpg,889.jpg
14978.jpg,890.jpg
14980.jpg,891.jpg
14981.jpg,892.jpg
14982.jpg,893.jpg
14983.jpg,894.jpg
15010.jpg,895.jpg
15012.jpg,896.jpg
15014.jpg,897.jpg
15026.jpg,898.jpg
15028.jpg,899.jpg
15039.jpg,900.jpg
15043.jpg,901.jpg
15046.jpg,902.jpg
15049.jpg,903.jpg
15051.jpg,904.jpg
15054.jpg,905.jpg
15057.jpg,906.jpg
15060.jpg,907.jpg
15063.jpg,908.jpg
15064.jpg,909.jpg
15065.jpg,910.jpg
1508.jpg,911.jpg
15082.jpg,912.jpg
15092.jpg,913.jpg
15106.jpg,914.jpg
15129.jpg,915.jpg
15142.jpg,916.jpg
15143.jpg,917.jpg
15157.jpg,918.jpg
15178.jpg,919.jpg
15181.jpg,920.jpg
15194.jpg,921.jpg
15197.jpg,922.jpg
152.jpg,923.jpg
1525.jpg,924.jpg
1530.jpg,925.jpg
1533.jpg,926.jpg
1538.jpg,927.jpg
1546.jpg,928.jpg
1548.jpg,929.jpg
1550.jpg,930.jpg
1555.jpg,931.jpg
1563.jpg,932.jpg
1569.jpg,933.jpg
1573.jpg,934.jpg
1586.jpg,935.jpg
1597.jpg,936.jpg
1611.jpg,937.jpg
1612.jpg,938.jpg
1613.jpg,939.jpg
1640.jpg,940.jpg
1647.jpg,941.jpg
1648.jpg,942.jpg
1652.jpg,943.jpg
1656.jpg,944.jpg
1667.jpg,945.jpg
1670.jpg,946.jpg
1678.jpg,947.jpg
1680.jpg,948.jpg
1688.jpg,949.jpg
170.jpg,950.jpg
1706.jpg,951.jpg
1731.jpg,952.jpg
1732.jpg,953.jpg
1740.jpg,954.jpg
1745.jpg,955.jpg
1765.jpg,956.jpg
1782.jpg,957.jpg
1784.jpg,958.jpg
1790.jpg,959.jpg
1817.jpg,960.jpg
1818.jpg,961.jpg
1819.jpg,962.jpg
1825.jpg,963.jpg
1830.jpg,964.jpg
1831.jpg,965.jpg
1871.jpg,966.jpg
1874.jpg,967.jpg
1876.jpg,968.jpg
1877.jpg,969.jpg
1880.jpg,970.jpg
189.jpg,971.jpg
1898.jpg,972.jpg
1905.jpg,973.jpg
1919.jpg,974.jpg
1932.jpg,975.jpg
1942.jpg,976.jpg
195.jpg,977.jpg
1950.jpg,978.jpg
1952.jpg,979.jpg
1961.jpg,980.jpg
1963.jpg,981.jpg
1966.jpg,982.jpg
1978.jpg,983.jpg
1986.jpg,984.jpg
1988.jpg,985.jpg
1994.jpg,986.jpg
1999.jpg,987.jpg
2.jpg,988.jpg
20.jpg,989.jpg
2005.jpg,990.jpg
2009.jpg,991.jpg
2024.jpg,992.jpg
2031.jpg,993.jpg
2034.jpg,994.jpg
2062.jpg,995.jpg
2065.jpg,996.jpg
2069.jpg,997.jpg
2071.jpg,998.jpg
2072.jpg,999.jpg
2074.jpg,1000.jpg
2085.jpg,1001.jpg
209.jpg,1002.jpg
2091.jpg,1003.jpg
2096.jpg,1004.jpg
2103.jpg,1005.jpg
2104.jpg,1006.jpg
2132.jpg,1007.jpg
2138.jpg,1008.jpg
2147.jpg,1009.jpg
2168.jpg,1010.jpg
2175.jpg,1011.jpg
2199.jpg,1012.jpg
2218.jpg,1013.jpg
2221.jpg,1014.jpg
2222.jpg,1015.jpg
2225.jpg,1016.jpg
223.jpg,1017.jpg
2233.jpg,1018.jpg
2235.jpg,1019.jpg
2242.jpg,1020.jpg
2244.jpg,1021.jpg
2245.jpg,1022.jpg
2256.jpg,1023.jpg
228.jpg,1024.jpg
2294.jpg,1025.jpg
2315.jpg,1026.jpg
2317.jpg,1027.jpg
2320.jpg,1028.jpg
2334.jpg,1029.jpg
2340.jpg,1030.jpg
2357.jpg,1031.jpg
2361.jpg,1032.jpg
2371.jpg,1033.jpg
2375.jpg,1034.jpg
2403.jpg,1035.jpg
2404.jpg,1036.jpg
2408.jpg,1037.jpg
2420.jpg,1038.jpg
2435.jpg,1039.jpg
2455.jpg,1040.jpg
2457.jpg,1041.jpg
2460.jpg,1042.jpg
2472.jpg,1043.jpg
2488.jpg,1044.jpg
2498.jpg,1045.jpg
2501.jpg,1046.jpg
2509.jpg,1047.jpg
2516.jpg,1048.jpg
254.jpg,1049.jpg
2540.jpg,1050.jpg
2542.jpg,1051.jpg
2557.jpg,1052.jpg
2565.jpg,1053.jpg
2569.jpg,1054.jpg
2573.jpg,1055.jpg
2577.jpg,1056.jpg
2587.jpg,1057.jpg
2590.jpg,1058.jpg
2608.jpg,1059.jpg
261.jpg,1060.jpg
2628.jpg,1061.jpg
2640.jpg,1062.jpg
2652.jpg,1063.jpg
2655.jpg,1064.jpg
267.jpg,1065.jpg
2691.jpg,1066.jpg
2700.jpg,1067.jpg
271.jpg,1068.jpg
2713.jpg,1069.jpg
2718.jpg,1070.jpg
2744.jpg,1071.jpg
2764.jpg,1072.jpg
2775.jpg,1073.jpg
2776.jpg,1074.jpg
2786.jpg,1075.jpg
2788.jpg,1076.jpg
2790.jpg,1077.jpg
2794.jpg,1078.jpg
2803.jpg,1079.jpg
2808.jpg,1080.jpg
2828.jpg,1081.jpg
2836.jpg,1082.jpg
2869.jpg,1083.jpg
2881.jpg,1084.jpg
2884.jpg,1085.jpg
2892.jpg,1086.jpg
2901.jpg,1087.jpg
2902.jpg,1088.jpg
2907.jpg,1089.jpg
2913.jpg,1090.jpg
2915.jpg,1091.jpg
2919.jpg,1092.jpg
2930.jpg,1093.jpg
2934.jpg,1094.jpg
2938.jpg,1095.jpg
2948.jpg,1096.jpg
2957.jpg,1097.jpg
2965.jpg,1098.jpg
2980.jpg,1099.jpg
2982.jpg,1100.jpg
2992.jpg,1101.jpg
2997.jpg,1102.jpg
3.jpg,1103.jpg
300.jpg,1104.jpg
3012.jpg,1105.jpg
3018.jpg,1106.jpg
3023.jpg,1107.jpg
3024.jpg,1108.jpg
3037.jpg,1109.jpg
3042.jpg,1110.jpg
3052.jpg,1111.jpg
3055.jpg,1112.jpg
3067.jpg,1113.jpg
3072.jpg,1114.jpg
3074.jpg,1115.jpg
3084.jpg,1116.jpg
3131.jpg,1117.jpg
3135.jpg,1118.jpg
3141.jpg,1119.jpg
3144.jpg,1120.jpg
3154.jpg,1121.jpg
3155.jpg,1122.jpg
3160.jpg,1123.jpg
3168.jpg,1124.jpg
3170.jpg,1125.jpg
3173.jpg,1126.jpg
3178.jpg,1127.jpg
3199.jpg,1128.jpg
320.jpg,1129.jpg
3206.jpg,1130.jpg
3210.jpg,1131.jpg
3230.jpg,1132.jpg
3233.jpg,1133.jpg
3234.jpg,1134.jpg
3240.jpg,1135.jpg
3245.jpg,1136.jpg
3247.jpg,1137.jpg
325.jpg,1138.jpg
3253.jpg,1139.jpg
3264.jpg,1140.jpg
3265.jpg,1141.jpg
3270.jpg,1142.jpg
3293.jpg,1143.jpg
3305.jpg,1144.jpg
3309.jpg,1145.jpg
332.jpg,1146.jpg
3325.jpg,1147.jpg
3344.jpg,1148.jpg
3355.jpg,1149.jpg
3360.jpg,1150.jpg
3363.jpg,1151.jpg
3375.jpg,1152.jpg
3395.jpg,1153.jpg
3396.jpg,1154.jpg
3406.jpg,1155.jpg
3409.jpg,1156.jpg
3416.jpg,1157.jpg
3422.jpg,1158.jpg
3432.jpg,1159.jpg
3436.jpg,1160.jpg
3437.jpg,1161.jpg
3442.jpg,1162.jpg
3452.jpg,1163.jpg
346.jpg,1164.jpg
3461.jpg,1165.jpg
3495.jpg,1166.jpg
3496.jpg,1167.jpg
3498.jpg,1168.jpg
35.jpg,1169.jpg
3505.jpg,1170.jpg
3525.jpg,1171.jpg
354.jpg,1172.jpg
3562.jpg,1173.jpg
3570.jpg,1174.jpg
3575.jpg,1175.jpg
3576.jpg,1176.jpg
358.jpg,1177.jpg
3581.jpg,1178.jpg
3583.jpg,1179.jpg
3591.jpg,1180.jpg
3598.jpg,1181.jpg
3615.jpg,1182.jpg
3616.jpg,1183.jpg
3645.jpg,1184.jpg
366.jpg,1185.jpg
3660.jpg,1186.jpg
367.jpg,1187.jpg
3671.jpg,1188.jpg
3675.jpg,1189.jpg
3678.jpg,1190.jpg
369.jpg,1191.jpg
3709.jpg,1192.jpg
3714.jpg,1193.jpg
3716.jpg,1194.jpg
3722.jpg,1195.jpg
3726.jpg,1196.jpg
373.jpg,1197.jpg
3743.jpg,1198.jpg
3748.jpg,1199.jpg
375.jpg,1200.jpg
3751.jpg,1201.jpg
3752.jpg,1202.jpg
3761.jpg,1203.jpg
3766.jpg,1204.jpg
3773.jpg,1205.jpg
3779.jpg,1206.jpg
3804.jpg,1207.jpg
3810.jpg,1208.jpg
3831.jpg,1209.jpg
3837.jpg,1210.jpg
3838.jpg,1211.jpg
3840.jpg,1212.jpg
3842.jpg,1213.jpg
3855.jpg,1214.jpg
3874.jpg,1215.jpg
3882.jpg,1216.jpg
3886.jpg,1217.jpg
3892.jpg,1218.jpg
3906.jpg,1219.jpg
3917.jpg,1220.jpg
3927.jpg,1221.jpg
3947.jpg,1222.jpg
395.jpg,1223.jpg
396.jpg,1224.jpg
3969.jpg,1225.jpg
4001.jpg,1226.jpg
4002.jpg,1227.jpg
4012.jpg,1228.jpg
4029.jpg,1229.jpg
403.jpg,1230.jpg
4040.jpg,1231.jpg
4050.jpg,1232.jpg
4059.jpg,1233.jpg
4067.jpg,1234.jpg
4069.jpg,1235.jpg
4088.jpg,1236.jpg
4090.jpg,1237.jpg
4097.jpg,1238.jpg
410.jpg,1239.jpg
4100.jpg,1240.jpg
4102.jpg,1241.jpg
4105.jpg,1242.jpg
4109.jpg,1243.jpg
4110.jpg,1244.jpg
4121.jpg,1245.jpg
4136.jpg,1246.jpg
4144.jpg,1247.jpg
4147.jpg,1248.jpg
4149.jpg,1249.jpg
415.jpg,1250.jpg
4150.jpg,1251.jpg
4154.jpg,1252.jpg
4155.jpg,1253.jpg
4159.jpg,1254.jpg
4160.jpg,1255.jpg
4167.jpg,1256.jpg
4168.jpg,1257.jpg
4186.jpg,1258.jpg
4189.jpg,1259.jpg
4207.jpg,1260.jpg
4218.jpg,1261.jpg
4224.jpg,1262.jpg
4231.jpg,1263.jpg
4238.jpg,1264.jpg
4250.jpg,1265.jpg
4258.jpg,1266.jpg
4259.jpg,1267.jpg
4268.jpg,1268.jpg
427.jpg,1269.jpg
4278.jpg,1270.jpg
4286.jpg,1271.jpg
4289.jpg,1272.jpg
4297.jpg,1273.jpg
430.jpg,1274.jpg
4301.jpg,1275.jpg
4302.jpg,1276.jpg
4304.jpg,1277.jpg
4307.jpg,1278.jpg
431.jpg,1279.jpg
4319.jpg,1280.jpg
4320.jpg,1281.jpg
4324.jpg,1282.jpg
4328.jpg,1283.jpg
4329.jpg,1284.jpg
4333.jpg,1285.jpg
4336.jpg,1286.jpg
4339.jpg,1287.jpg
4342.jpg,1288.jpg
4352.jpg,1289.jpg
4369.jpg,1290.jpg
4388.jpg,1291.jpg
4394.jpg,1292.jpg
4398.jpg,1293.jpg
44.jpg,1294.jpg
4410.jpg,1295.jpg
4411.jpg,1296.jpg
4414.jpg,1297.jpg
4422.jpg,1298.jpg
4446.jpg,1299.jpg
4451.jpg,1300.jpg
4459.jpg,1301.jpg
4464.jpg,1302.jpg
4467.jpg,1303.jpg
4469.jpg,1304.jpg
447.jpg,1305.jpg
4472.jpg,1306.jpg
4482.jpg,1307.jpg
449.jpg,1308.jpg
4497.jpg,1309.jpg
4507.jpg,1310.jpg
4517.jpg,1311.jpg
4518.jpg,1312.jpg
4521.jpg,1313.jpg
455.jpg,1314.jpg
4557.jpg,1315.jpg
4579.jpg,1316.jpg
4595.jpg,1317.jpg
4598.jpg,1318.jpg
4605.jpg,1319.jpg
4617.jpg,1320.jpg
4618.jpg,1321.jpg
4620.jpg,1322.jpg
4621.jpg,1323.jpg
4642.jpg,1324.jpg
4643.jpg,1325.jpg
4645.jpg,1326.jpg
4652.jpg,1327.jpg
4662.jpg,1328.jpg
4665.jpg,1329.jpg
467.jpg,1330.jpg
4671.jpg,1331.jpg
4677.jpg,1332.jpg
4685.jpg,1333.jpg
4690.jpg,1334.jpg
4708.jpg,1335.jpg
4713.jpg,1336.jpg
4714.jpg,1337.jpg
4715.jpg,1338.jpg
4728.jpg,1339.jpg
4733.jpg,1340.jpg
4740.jpg,1341.jpg
4742.jpg,1342.jpg
4744.jpg,1343.jpg
4746.jpg,1344.jpg
4751.jpg,1345.jpg
4768.jpg,1346.jpg
4775.jpg,1347.jpg
4785.jpg,1348.jpg
4786.jpg,1349.jpg
4792.jpg,1350.jpg
4798.jpg,1351.jpg
480.jpg,1352.jpg
4802.jpg,1353.jpg
4816.jpg,1354.jpg
4817.jpg,1355.jpg
4827.jpg,1356.jpg
4838.jpg,1357.jpg
4844.jpg,1358.jpg
4866.jpg,1359.jpg
4870.jpg,1360.jpg
4872.jpg,1361.jpg
4880.jpg,1362.jpg
4885.jpg,1363.jpg
4888.jpg,1364.jpg
4898.jpg,1365.jpg
490.jpg,1366.jpg
4900.jpg,1367.jpg
4903.jpg,1368.jpg
4915.jpg,1369.jpg
4938.jpg,1370.jpg
494.jpg,1371.jpg
4940.jpg,1372.jpg
4949.jpg,1373.jpg
4967.jpg,1374.jpg
4973.jpg,1375.jpg
4996.jpg,1376.jpg
5006.jpg,1377.jpg
501.jpg,1378.jpg
5022.jpg,1379.jpg
5027.jpg,1380.jpg
5050.jpg,1381.jpg
5054.jpg,1382.jpg
5071.jpg,1383.jpg
5076.jpg,1384.jpg
5078.jpg,1385.jpg
5080.jpg,1386.jpg
5084.jpg,1387.jpg
5089.jpg,1388.jpg
5094.jpg,1389.jpg
5100.jpg,1390.jpg
5111.jpg,1391.jpg
5112.jpg,1392.jpg
5119.jpg,1393.jpg
5120.jpg,1394.jpg
5133.jpg,1395.jpg
5134.jpg,1396.jpg
5142.jpg,1397.jpg
5150.jpg,1398.jpg
5157.jpg,1399.jpg
5183.jpg,1400.jpg
5184.jpg,1401.jpg
5188.jpg,1402.jpg
519.jpg,1403.jpg
5207.jpg,1404.jpg
5211.jpg,1405.jpg
522.jpg,1406.jpg
5224.jpg,1407.jpg
5231.jpg,1408.jpg
5256.jpg,1409.jpg
5259.jpg,1410.jpg
5262.jpg,1411.jpg
5269.jpg,1412.jpg
5272.jpg,1413.jpg
5277.jpg,1414.jpg
5289.jpg,1415.jpg
5298.jpg,1416.jpg
5306.jpg,1417.jpg
5319.jpg,1418.jpg
5324.jpg,1419.jpg
5326.jpg,1420.jpg
533.jpg,1421.jpg
5331.jpg,1422.jpg
5334.jpg,1423.jpg
5335.jpg,1424.jpg
5342.jpg,1425.jpg
5343.jpg,1426.jpg
5365.jpg,1427.jpg
5368.jpg,1428.jpg
5389.jpg,1429.jpg
5392.jpg,1430.jpg
5395.jpg,1431.jpg
5403.jpg,1432.jpg
5404.jpg,1433.jpg
5415.jpg,1434.jpg
5423.jpg,1435.jpg
5431.jpg,1436.jpg
5446.jpg,1437.jpg
5459.jpg,1438.jpg
546.jpg,1439.jpg
5462.jpg,1440.jpg
5472.jpg,1441.jpg
5474.jpg,1442.jpg
5479.jpg,1443.jpg
5500.jpg,1444.jpg
5502.jpg,1445.jpg
5504.jpg,1446.jpg
5514.jpg,1447.jpg
5524.jpg,1448.jpg
5536.jpg,1449.jpg
5539.jpg,1450.jpg
5540.jpg,1451.jpg
555.jpg,1452.jpg
5553.jpg,1453.jpg
5554.jpg,1454.jpg
5558.jpg,1455.jpg
5562.jpg,1456.jpg
5569.jpg,1457.jpg
5573.jpg,1458.jpg
5577.jpg,1459.jpg
558.jpg,1460.jpg
5583.jpg,1461.jpg
5600.jpg,1462.jpg
5601.jpg,1463.jpg
5610.jpg,1464.jpg
5619.jpg,1465.jpg
5628.jpg,1466.jpg
5634.jpg,1467.jpg
5653.jpg,1468.jpg
5664.jpg,1469.jpg
5683.jpg,1470.jpg
5686.jpg,1471.jpg
569.jpg,1472.jpg
5690.jpg,1473.jpg
5695.jpg,1474.jpg
5701.jpg,1475.jpg
5709.jpg,1476.jpg
5711.jpg,1477.jpg
5716.jpg,1478.jpg
5723.jpg,1479.jpg
5731.jpg,1480.jpg
5734.jpg,1481.jpg
574.jpg,1482.jpg
5743.jpg,1483.jpg
5744.jpg,1484.jpg
5747.jpg,1485.jpg
5753.jpg,1486.jpg
5755.jpg,1487.jpg
5758.jpg,1488.jpg
5765.jpg,1489.jpg
5775.jpg,1490.jpg
5783.jpg,1491.jpg
5806.jpg,1492.jpg
5808.jpg,1493.jpg
5816.jpg,1494.jpg
5824.jpg,1495.jpg
5834.jpg,1496.jpg
5865.jpg,1497.jpg
587.jpg,1498.jpg
5871.jpg,1499.jpg
5873.jpg,1500.jpg
5874.jpg,1501.jpg
5877.jpg,1502.jpg
5879.jpg,1503.jpg
5886.jpg,1504.jpg
5888.jpg,1505.jpg
5894.jpg,1506.jpg
5895.jpg,1507.jpg
59.jpg,1508.jpg
5907.jpg,1509.jpg
5909.jpg,1510.jpg
5919.jpg,1511.jpg
5935.jpg,1512.jpg
5937.jpg,1513.jpg
5958.jpg,1514.jpg
5964.jpg,1515.jpg
5969.jpg,1516.jpg
5970.jpg,1517.jpg
5979.jpg,1518.jpg
5992.jpg,1519.jpg
601.jpg,1520.jpg
6023.jpg,1521.jpg
6035.jpg,1522.jpg
6036.jpg,1523.jpg
605.jpg,1524.jpg
6058.jpg,1525.jpg
6079.jpg,1526.jpg
608.jpg,1527.jpg
6082.jpg,1528.jpg
6089.jpg,1529.jpg
6102.jpg,1530.jpg
6109.jpg,1531.jpg
6124.jpg,1532.jpg
6134.jpg,1533.jpg
6140.jpg,1534.jpg
6166.jpg,1535.jpg
6202.jpg,1536.jpg
6214.jpg,1537.jpg
6229.jpg,1538.jpg
623.jpg,1539.jpg
6235.jpg,1540.jpg
6243.jpg,1541.jpg
6244.jpg,1542.jpg
6253.jpg,1543.jpg
6266.jpg,1544.jpg
6270.jpg,1545.jpg
6276.jpg,1546.jpg
6280.jpg,1547.jpg
6289.jpg,1548.jpg
6294.jpg,1549.jpg
6309.jpg,1550.jpg
631.jpg,1551.jpg
6317.jpg,1552.jpg
633.jpg,1553.jpg
6349.jpg,1554.jpg
6350.jpg,1555.jpg
6366.jpg,1556.jpg
6369.jpg,1557.jpg
6387.jpg,1558.jpg
6393.jpg,1559.jpg
6396.jpg,1560.jpg
6404.jpg,1561.jpg
641.jpg,1562.jpg
6415.jpg,1563.jpg
6419.jpg,1564.jpg
6422.jpg,1565.jpg
6430.jpg,1566.jpg
6431.jpg,1567.jpg
6441.jpg,1568.jpg
6444.jpg,1569.jpg
6455.jpg,1570.jpg
6458.jpg,1571.jpg
6461.jpg,1572.jpg
647.jpg,1573.jpg
6470.jpg,1574.jpg
6471.jpg,1575.jpg
6507.jpg,1576.jpg
651.jpg,1577.jpg
6512.jpg,1578.jpg
6517.jpg,1579.jpg
6523.jpg,1580.jpg
6544.jpg,1581.jpg
6551.jpg,1582.jpg
6560.jpg,1583.jpg
6569.jpg,1584.jpg
657.jpg,1585.jpg
6575.jpg,1586.jpg
6591.jpg,1587.jpg
6633.jpg,1588.jpg
6636.jpg,1589.jpg
6637.jpg,1590.jpg
6643.jpg,1591.jpg
6662.jpg,1592.jpg
6671.jpg,1593.jpg
668.jpg,1594.jpg
6691.jpg,1595.jpg
6692.jpg,1596.jpg
670.jpg,1597.jpg
6701.jpg,1598.jpg
6712.jpg,1599.jpg
6723.jpg,1600.jpg
6739.jpg,1601.jpg
6751.jpg,1602.jpg
6766.jpg,1603.jpg
6794.jpg,1604.jpg
6795.jpg,1605.jpg
6798.jpg,1606.jpg
6800.jpg,1607.jpg
6816.jpg,1608.jpg
6817.jpg,1609.jpg
6818.jpg,1610.jpg
6819.jpg,1611.jpg
6822.jpg,1612.jpg
6844.jpg,1613.jpg
6895.jpg,1614.jpg
6896.jpg,1615.jpg
6921.jpg,1616.jpg
6943.jpg,1617.jpg
6947.jpg,1618.jpg
6956.jpg,1619.jpg
6966.jpg,1620.jpg
6970.jpg,1621.jpg
699.jpg,1622.jpg
6996.jpg,1623.jpg
7002.jpg,1624.jpg
7009.jpg,1625.jpg
701.jpg,1626.jpg
7018.jpg,1627.jpg
7023.jpg,1628.jpg
7024.jpg,1629.jpg
7032.jpg,1630.jpg
704.jpg,1631.jpg
7054.jpg,1632.jpg
7061.jpg,1633.jpg
7077.jpg,1634.jpg
7083.jpg,1635.jpg
7090.jpg,1636.jpg
710.jpg,1637.jpg
7105.jpg,1638.jpg
7114.jpg,1639.jpg
7125.jpg,1640.jpg
7153.jpg,1641.jpg
7166.jpg,1642.jpg
7175.jpg,1643.jpg
7177.jpg,1644.jpg
718.jpg,1645.jpg
7187.jpg,1646.jpg
7198.jpg,1647.jpg
7206.jpg,1648.jpg
721.jpg,1649.jpg
7225.jpg,1650.jpg
7236.jpg,1651.jpg
7242.jpg,1652.jpg
725.jpg,1653.jpg
7254.jpg,1654.jpg
7258.jpg,1655.jpg
726.jpg,1656.jpg
7260.jpg,1657.jpg
727.jpg,1658.jpg
7272.jpg,1659.jpg
7278.jpg,1660.jpg
7288.jpg,1661.jpg
7290.jpg,1662.jpg
7295.jpg,1663.jpg
7297.jpg,1664.jpg
7309.jpg,1665.jpg
7312.jpg,1666.jpg
7317.jpg,1667.jpg
7332.jpg,1668.jpg
7347.jpg,1669.jpg
7351.jpg,1670.jpg
7353.jpg,1671.jpg
7357.jpg,1672.jpg
7360.jpg,1673.jpg
7383.jpg,1674.jpg
7388.jpg,1675.jpg
7398.jpg,1676.jpg
7412.jpg,1677.jpg
7414.jpg,1678.jpg
7417.jpg,1679.jpg
7419.jpg,1680.jpg
7421.jpg,1681.jpg
7425.jpg,1682.jpg
7427.jpg,1683.jpg
743.jpg,1684.jpg
7441.jpg,1685.jpg
7450.jpg,1686.jpg
7451.jpg,1687.jpg
7456.jpg,1688.jpg
7460.jpg,1689.jpg
7463.jpg,1690.jpg
7493.jpg,1691.jpg
7498.jpg,1692.jpg
7505.jpg,1693.jpg
7522.jpg,1694.jpg
7526.jpg,1695.jpg
7528.jpg,1696.jpg
7535.jpg,1697.jpg
7553.jpg,1698.jpg
756.jpg,1699.jpg
7565.jpg,1700.jpg
7576.jpg,1701.jpg
7586.jpg,1702.jpg
7587.jpg,1703.jpg
7588.jpg,1704.jpg
760.jpg,1705.jpg
7602.jpg,1706.jpg
7606.jpg,1707.jpg
7607.jpg,1708.jpg
7611.jpg,1709.jpg
7612.jpg,1710.jpg
762.jpg,1711.jpg
7632.jpg,1712.jpg
7634.jpg,1713.jpg
7637.jpg,1714.jpg
7672.jpg,1715.jpg
7680.jpg,1716.jpg
7689.jpg,1717.jpg
7704.jpg,1718.jpg
7709.jpg,1719.jpg
7725.jpg,1720.jpg
7747.jpg,1721.jpg
775.jpg,1722.jpg
7754.jpg,1723.jpg
7761.jpg,1724.jpg
7767.jpg,1725.jpg
777.jpg,1726.jpg
7775.jpg,1727.jpg
7789.jpg,1728.jpg
7797.jpg,1729.jpg
7809.jpg,1730.jpg
7819.jpg,1731.jpg
7821.jpg,1732.jpg
7822.jpg,1733.jpg
7823.jpg,1734.jpg
7828.jpg,1735.jpg
7830.jpg,1736.jpg
7834.jpg,1737.jpg
7846.jpg,1738.jpg
7855.jpg,1739.jpg
7873.jpg,1740.jpg
7881.jpg,1741.jpg
7884.jpg,1742.jpg
7885.jpg,1743.jpg
7886.jpg,1744.jpg
7898.jpg,1745.jpg
7908.jpg,1746.jpg
7918.jpg,1747.jpg
7922.jpg,1748.jpg
7930.jpg,1749.jpg
7949.jpg,1750.jpg
7950.jpg,1751.jpg
7960.jpg,1752.jpg
7965.jpg,1753.jpg
7978.jpg,1754.jpg
7997.jpg,1755.jpg
8009.jpg,1756.jpg
8012.jpg,1757.jpg
8033.jpg,1758.jpg
8035.jpg,1759.jpg
8044.jpg,1760.jpg
8053.jpg,1761.jpg
8054.jpg,1762.jpg
806.jpg,1763.jpg
8066.jpg,1764.jpg
8067.jpg,1765.jpg
8073.jpg,1766.jpg
8076.jpg,1767.jpg
8077.jpg,1768.jpg
8088.jpg,1769.jpg
8095.jpg,1770.jpg
8107.jpg,1771.jpg
8108.jpg,1772.jpg
8111.jpg,1773.jpg
8127.jpg,1774.jpg
8132.jpg,1775.jpg
8134.jpg,1776.jpg
8139.jpg,1777.jpg
8142.jpg,1778.jpg
8148.jpg,1779.jpg
8156.jpg,1780.jpg
8161.jpg,1781.jpg
8163.jpg,1782.jpg
8175.jpg,1783.jpg
8178.jpg,1784.jpg
818.jpg,1785.jpg
8190.jpg,1786.jpg
8195.jpg,1787.jpg
8211.jpg,1788.jpg
8224.jpg,1789.jpg
8226.jpg,1790.jpg
8227.jpg,1791.jpg
8228.jpg,1792.jpg
8232.jpg,1793.jpg
8236.jpg,1794.jpg
8240.jpg,1795.jpg
8250.jpg,1796.jpg
8261.jpg,1797.jpg
8277.jpg,1798.jpg
828.jpg,1799.jpg
8288.jpg,1800.jpg
8290.jpg,1801.jpg
8292.jpg,1802.jpg
8300.jpg,1803.jpg
8312.jpg,1804.jpg
8316.jpg,1805.jpg
8324.jpg,1806.jpg
8330.jpg,1807.jpg
8333.jpg,1808.jpg
8338.jpg,1809.jpg
834.jpg,1810.jpg
8344.jpg,1811.jpg
8350.jpg,1812.jpg
8357.jpg,1813.jpg
837.jpg,1814.jpg
8374.jpg,1815.jpg
8379.jpg,1816.jpg
8389.jpg,1817.jpg
8395.jpg,1818.jpg
8406.jpg,1819.jpg
8409.jpg,1820.jpg
8435.jpg,1821.jpg
8450.jpg,1822.jpg
8454.jpg,1823.jpg
8457.jpg,1824.jpg
8461.jpg,1825.jpg
8462.jpg,1826.jpg
8481.jpg,1827.jpg
8486.jpg,1828.jpg
8499.jpg,1829.jpg
8504.jpg,1830.jpg
8512.jpg,1831.jpg
8516.jpg,1832.jpg
8521.jpg,1833.jpg
8522.jpg,1834.jpg
8533.jpg,1835.jpg
8534.jpg,1836.jpg
8539.jpg,1837.jpg
8576.jpg,1838.jpg
8578.jpg,1839.jpg
8591.jpg,1840.jpg
8598.jpg,1841.jpg
8600.jpg,1842.jpg
8609.jpg,1843.jpg
8612.jpg,1844.jpg
8615.jpg,1845.jpg
8619.jpg,1846.jpg
862.jpg,1847.jpg
8622.jpg,1848.jpg
8627.jpg,1849.jpg
8643.jpg,1850.jpg
8660.jpg,1851.jpg
8664.jpg,1852.jpg
8666.jpg,1853.jpg
8690.jpg,1854.jpg
8704.jpg,1855.jpg
8715.jpg,1856.jpg
8716.jpg,1857.jpg
8718.jpg,1858.jpg
8721.jpg,1859.jpg
8727.jpg,1860.jpg
8728.jpg,1861.jpg
874.jpg,1862.jpg
8745.jpg,1863.jpg
8746.jpg,1864.jpg
8764.jpg,1865.jpg
8765.jpg,1866.jpg
8782.jpg,1867.jpg
8793.jpg,1868.jpg
8795.jpg,1869.jpg
881.jpg,1870.jpg
8827.jpg,1871.jpg
8850.jpg,1872.jpg
8851.jpg,1873.jpg
8872.jpg,1874.jpg
8885.jpg,1875.jpg
8888.jpg,1876.jpg
8909.jpg,1877.jpg
8913.jpg,1878.jpg
8915.jpg,1879.jpg
8922.jpg,1880.jpg
8932.jpg,1881.jpg
8936.jpg,1882.jpg
8938.jpg,1883.jpg
8945.jpg,1884.jpg
8947.jpg,1885.jpg
8959.jpg,1886.jpg
8967.jpg,1887.jpg
897.jpg,1888.jpg
8975.jpg,1889.jpg
8977.jpg,1890.jpg
8980.jpg,1891.jpg
8985.jpg,1892.jpg
9001.jpg,1893.jpg
9031.jpg,1894.jpg
9048.jpg,1895.jpg
9053.jpg,1896.jpg
9060.jpg,1897.jpg
9097.jpg,1898.jpg
9107.jpg,1899.jpg
9114.jpg,1900.jpg
913.jpg,1901.jpg
9131.jpg,1902.jpg
9134.jpg,1903.jpg
9146.jpg,1904.jpg
9169.jpg,1905.jpg
9174.jpg,1906.jpg
9179.jpg,1907.jpg
9186.jpg,1908.jpg
9188.jpg,1909.jpg
9193.jpg,1910.jpg
9201.jpg,1911.jpg
9211.jpg,1912.jpg
9230.jpg,1913.jpg
9235.jpg,1914.jpg
9237.jpg,1915.jpg
9259.jpg,1916.jpg
9267.jpg,1917.jpg
9269.jpg,1918.jpg
9284.jpg,1919.jpg
9288.jpg,1920.jpg
9291.jpg,1921.jpg
9296.jpg,1922.jpg
9299.jpg,1923.jpg
9300.jpg,1924.jpg
9309.jpg,1925.jpg
9315.jpg,1926.jpg
9325.jpg,1927.jpg
9326.jpg,1928.jpg
9335.jpg,1929.jpg
9341.jpg,1930.jpg
9345.jpg,1931.jpg
9351.jpg,1932.jpg
9358.jpg,1933.jpg
9361.jpg,1934.jpg
9365.jpg,1935.jpg
9388.jpg,1936.jpg
9389.jpg,1937.jpg
940.jpg,1938.jpg
9400.jpg,1939.jpg
9410.jpg,1940.jpg
9422.jpg,1941.jpg
9433.jpg,1942.jpg
9436.jpg,1943.jpg
9438.jpg,1944.jpg
9459.jpg,1945.jpg
946.jpg,1946.jpg
9462.jpg,1947.jpg
9469.jpg,1948.jpg
9482.jpg,1949.jpg
9489.jpg,1950.jpg
9490.jpg,1951.jpg
9493.jpg,1952.jpg
9499.jpg,1953.jpg
9507.jpg,1954.jpg
9510.jpg,1955.jpg
9518.jpg,1956.jpg
9519.jpg,1957.jpg
9527.jpg,1958.jpg
9536.jpg,1959.jpg
954.jpg,1960.jpg
9543.jpg,1961.jpg
9560.jpg,1962.jpg
9565.jpg,1963.jpg
9568.jpg,1964.jpg
9569.jpg,1965.jpg
9570.jpg,1966.jpg
9577.jpg,1967.jpg
9588.jpg,1968.jpg
960.jpg,1969.jpg
9601.jpg,1970.jpg
9617.jpg,1971.jpg
9627.jpg,1972.jpg
9629.jpg,1973.jpg
963.jpg,1974.jpg
9650.jpg,1975.jpg
9659.jpg,1976.jpg
9670.jpg,1977.jpg
9678.jpg,1978.jpg
9679.jpg,1979.jpg
9680.jpg,1980.jpg
9684.jpg,1981.jpg
9690.jpg,1982.jpg
9692.jpg,1983.jpg
9702.jpg,1984.jpg
9717.jpg,1985.jpg
9722.jpg,1986.jpg
974.jpg,1987.jpg
9745.jpg,1988.jpg
9770.jpg,1989.jpg
9784.jpg,1990.jpg
9804.jpg,1991.jpg
9815.jpg,1992.jpg
9821.jpg,1993.jpg
9822.jpg,1994.jpg
9836.jpg,1995.jpg
9855.jpg,1996.jpg
986.jpg,1997.jpg
9860.jpg,1998.jpg
9861.jpg,1999.jpg
9868.jpg,2000.jpg
9879.jpg,2001.jpg
9902.jpg,2002.jpg
9905.jpg,2003.jpg
9906.jpg,2004.jpg
9919.jpg,2005.jpg
9934.jpg,2006.jpg
9935.jpg,2007.jpg
9947.jpg,2008.jpg
9952.jpg,2009.jpg
9968.jpg,2010.jpg
9981.jpg,2011.jpg
9991.jpg,2012.jpg
9992.jpg,2013.jpg
9995.jpg,2014.jpg
9997.jpg,2015.jpg
